{"cameraMode":{"drawMode":0,"name":"Shaded","section":"Shading Mode"},"sceneLighting":false,"audioPlay":false,"sceneViewState":{"m_AlwaysRefresh":false,"showFog":true,"showSkybox":false,"showFlares":true,"showImageEffects":true,"showParticleSystems":true,"showVisualEffectGraphs":true,"m_FxEnabled":true},"in2DMode":false,"pivot":{"x":-0.48498520255088808,"y":0.7382309436798096,"z":6.271421432495117},"rotation":{"x":0.1034446582198143,"y":-0.6709383130073547,"z":0.09514016658067703,"w":0.7281530499458313},"size":1.5920919179916382,"orthographic":false}