{"cameraMode":{"drawMode":0,"name":"Shaded","section":"Shading Mode"},"sceneLighting":false,"audioPlay":false,"sceneViewState":{"m_AlwaysRefresh":false,"showFog":true,"showSkybox":false,"showFlares":true,"showImageEffects":true,"showParticleSystems":true,"showVisualEffectGraphs":true,"m_FxEnabled":true},"in2DMode":false,"pivot":{"x":0.5084097385406494,"y":0.8123353123664856,"z":7.036332607269287},"rotation":{"x":0.22894202172756196,"y":-0.3312627077102661,"z":0.08305689692497254,"w":0.9116297960281372},"size":0.8298400044441223,"orthographic":false}